cip_code,cip_title,onet_soc_code,occupation_title
11.0701,Computer Science,11-3021.00,Computer and Information Systems Managers
11.0701,Computer Science,15-1212.00,Information Security Analysts
11.0701,Computer Science,15-1221.00,Computer and Information Research Scientists
11.0701,Computer Science,15-1231.00,Computer Network Support Specialists
11.0701,Computer Science,15-1243.00,Database Architects
11.0701,Computer Science,15-1243.01,Data Warehousing Specialists
11.0701,Computer Science,15-1251.00,Computer Programmers
11.0701,Computer Science,15-1252.00,Software Developers
11.0701,Computer Science,15-1253.00,Software Quality Assurance Analysts and Testers
11.0701,Computer Science,15-1254.00,Web Developers
11.0701,Computer Science,15-1255.00,Web and Digital Interface Designers
11.0701,Computer Science,15-1255.01,Video Game Designers
11.0701,Computer Science,15-1299.00,"Computer Occupations, All Other"
11.0701,Computer Science,15-1299.01,Web Administrators
11.0701,Computer Science,15-1299.02,Geographic Information Systems Technologists and Technicians
11.0701,Computer Science,15-1299.03,Document Management Specialists
11.0701,Computer Science,15-1299.04,Penetration Testers
11.0701,Computer Science,15-1299.05,Information Security Engineers
11.0701,Computer Science,15-1299.06,Digital Forensics Analysts
11.0701,Computer Science,15-1299.07,Blockchain Engineers
11.0701,Computer Science,15-1299.08,Computer Systems Engineers/Architects
11.0701,Computer Science,15-1299.09,Information Technology Project Managers
11.0701,Computer Science,15-2051.00,Data Scientists
11.0701,Computer Science,15-2051.01,Business Intelligence Analysts
11.0701,Computer Science,15-2051.02,Clinical Data Managers
11.0701,Computer Science,25-1021.00,"Computer Science Teachers, Postsecondary"
14.0901,"Computer Engineering, General",11-9041.00,Architectural and Engineering Managers
14.0901,"Computer Engineering, General",11-9041.01,Biofuels/Biodiesel Technology and Product Development Managers
14.0901,"Computer Engineering, General",15-1241.00,Computer Network Architects
14.0901,"Computer Engineering, General",15-1241.01,Telecommunications Engineering Specialists
14.0901,"Computer Engineering, General",15-1243.00,Database Architects
14.0901,"Computer Engineering, General",15-1243.01,Data Warehousing Specialists
14.0901,"Computer Engineering, General",15-1252.00,Software Developers
14.0901,"Computer Engineering, General",15-1253.00,Software Quality Assurance Analysts and Testers
14.0901,"Computer Engineering, General",17-2061.00,Computer Hardware Engineers
14.0901,"Computer Engineering, General",25-1032.00,"Engineering Teachers, Postsecondary"
11.0401,Information Science/Studies,11-3021.00,Computer and Information Systems Managers
11.0401,Information Science/Studies,15-1221.00,Computer and Information Research Scientists
11.0401,Information Science/Studies,15-1243.00,Database Architects
11.0401,Information Science/Studies,15-1243.01,Data Warehousing Specialists
11.0401,Information Science/Studies,15-1252.00,Software Developers
11.0401,Information Science/Studies,15-1255.00,Web and Digital Interface Designers
11.0401,Information Science/Studies,15-1255.01,Video Game Designers
11.0401,Information Science/Studies,15-1299.00,"Computer Occupations, All Other"
11.0401,Information Science/Studies,15-1299.01,Web Administrators
11.0401,Information Science/Studies,15-1299.02,Geographic Information Systems Technologists and Technicians
11.0401,Information Science/Studies,15-1299.03,Document Management Specialists
11.0401,Information Science/Studies,15-1299.04,Penetration Testers
11.0401,Information Science/Studies,15-1299.05,Information Security Engineers
11.0401,Information Science/Studies,15-1299.06,Digital Forensics Analysts
11.0401,Information Science/Studies,15-1299.07,Blockchain Engineers
11.0401,Information Science/Studies,15-1299.08,Computer Systems Engineers/Architects
11.0401,Information Science/Studies,15-1299.09,Information Technology Project Managers
11.0401,Information Science/Studies,25-1021.00,"Computer Science Teachers, Postsecondary"
51.3801,Registered Nursing/Registered Nurse,25-1072.00,"Nursing Instructors and Teachers, Postsecondary"
51.3801,Registered Nursing/Registered Nurse,29-1141.00,Registered Nurses
51.3801,Registered Nursing/Registered Nurse,29-1141.01,Acute Care Nurses
51.3801,Registered Nursing/Registered Nurse,29-1141.02,Advanced Practice Psychiatric Nurses
51.3801,Registered Nursing/Registered Nurse,29-1141.03,Critical Care Nurses
51.3801,Registered Nursing/Registered Nurse,29-1141.04,Clinical Nurse Specialists
42.0101,"Psychology, General",11-9199.00,"Managers, All Other"
42.0101,"Psychology, General",11-9199.08,Loss Prevention Managers
42.0101,"Psychology, General",19-3032.00,Industrial-Organizational Psychologists
42.0101,"Psychology, General",19-3033.00,Clinical and Counseling Psychologists
42.0101,"Psychology, General",19-3039.00,"Psychologists, All Other"
42.0101,"Psychology, General",19-3039.02,Neuropsychologists
42.0101,"Psychology, General",19-3039.03,Clinical Neuropsychologists
42.0101,"Psychology, General",19-4061.00,Social Science Research Assistants
42.0101,"Psychology, General",25-1066.00,"Psychology Teachers, Postsecondary"
26.0101,"Biology/Biological Sciences, General",11-9121.00,Natural Sciences Managers
26.0101,"Biology/Biological Sciences, General",11-9121.01,Clinical Research Coordinators
26.0101,"Biology/Biological Sciences, General",11-9121.02,Water Resource Specialists
26.0101,"Biology/Biological Sciences, General",19-1029.00,"Biological Scientists, All Other"
26.0101,"Biology/Biological Sciences, General",19-1029.01,Bioinformatics Scientists
26.0101,"Biology/Biological Sciences, General",19-1029.02,Molecular and Cellular Biologists
26.0101,"Biology/Biological Sciences, General",19-1029.03,Geneticists
26.0101,"Biology/Biological Sciences, General",19-1029.04,Biologists
26.0101,"Biology/Biological Sciences, General",19-1099.00,"Life Scientists, All Other"
26.0101,"Biology/Biological Sciences, General",19-4012.00,Agricultural Technicians
26.0101,"Biology/Biological Sciences, General",19-4012.01,Precision Agriculture Technicians
26.0101,"Biology/Biological Sciences, General",19-4013.00,Food Science Technicians
26.0101,"Biology/Biological Sciences, General",19-4021.00,Biological Technicians
26.0101,"Biology/Biological Sciences, General",19-4092.00,Forensic Science Technicians
26.0101,"Biology/Biological Sciences, General",25-1042.00,"Biological Science Teachers, Postsecondary"
26.0101,"Biology/Biological Sciences, General",25-2031.00,"Secondary School Teachers, Except Special and Career/Technical Education"
14.1901,Mechanical Engineering,11-9041.00,Architectural and Engineering Managers
14.1901,Mechanical Engineering,11-9041.01,Biofuels/Biodiesel Technology and Product Development Managers
14.1901,Mechanical Engineering,13-1051.00,Cost Estimators
14.1901,Mechanical Engineering,17-2011.00,Aerospace Engineers
14.1901,Mechanical Engineering,17-2141.00,Mechanical Engineers
14.1901,Mechanical Engineering,17-2141.01,Fuel Cell Engineers
14.1901,Mechanical Engineering,17-2141.02,Automotive Engineers
14.1901,Mechanical Engineering,25-1032.00,"Engineering Teachers, Postsecondary"
14.0801,"Civil Engineering, General",11-9041.00,Architectural and Engineering Managers
14.0801,"Civil Engineering, General",11-9041.01,Biofuels/Biodiesel Technology and Product Development Managers
14.0801,"Civil Engineering, General",17-2051.00,Civil Engineers
14.0801,"Civil Engineering, General",17-2051.01,Transportation Engineers
14.0801,"Civil Engineering, General",17-2051.02,Water/Wastewater Engineers
14.0801,"Civil Engineering, General",25-1032.00,"Engineering Teachers, Postsecondary"
14.1001,Electrical and Electronics Engineering,11-9041.00,Architectural and Engineering Managers
14.1001,Electrical and Electronics Engineering,11-9041.01,Biofuels/Biodiesel Technology and Product Development Managers
14.1001,Electrical and Electronics Engineering,17-2011.00,Aerospace Engineers
14.1001,Electrical and Electronics Engineering,17-2061.00,Computer Hardware Engineers
14.1001,Electrical and Electronics Engineering,17-2071.00,Electrical Engineers
14.1001,Electrical and Electronics Engineering,17-2072.00,"Electronics Engineers, Except Computer"
14.1001,Electrical and Electronics Engineering,17-2072.01,Radio Frequency Identification Device Specialists
14.1001,Electrical and Electronics Engineering,25-1032.00,"Engineering Teachers, Postsecondary"
52.0301,Accounting,13-2011.00,Accountants and Auditors
52.0301,Accounting,13-2022.00,Appraisers of Personal and Business Property
52.0301,Accounting,13-2031.00,Budget Analysts
52.0301,Accounting,13-2041.00,Credit Analysts
52.0301,Accounting,13-2054.00,Financial Risk Specialists
52.0301,Accounting,13-2061.00,Financial Examiners
52.0301,Accounting,13-2081.00,"Tax Examiners and Collectors, and Revenue Agents"
52.0301,Accounting,13-2082.00,Tax Preparers
52.0301,Accounting,25-1011.00,"Business Teachers, Postsecondary"
52.0201,"Business Administration and Management, General",11-1011.00,Chief Executives
52.0201,"Business Administration and Management, General",11-1011.03,Chief Sustainability Officers
52.0201,"Business Administration and Management, General",11-1021.00,General and Operations Managers
52.0201,"Business Administration and Management, General",11-2022.00,Sales Managers
52.0201,"Business Administration and Management, General",11-3012.00,Administrative Services Managers
52.0201,"Business Administration and Management, General",11-3013.00,Facilities Managers
52.0201,"Business Administration and Management, General",11-3013.01,Security Managers
52.0201,"Business Administration and Management, General",11-3051.00,Industrial Production Managers
52.0201,"Business Administration and Management, General",11-3051.01,Quality Control Systems Managers
52.0201,"Business Administration and Management, General",11-3051.02,Geothermal Production Managers
52.0201,"Business Administration and Management, General",11-3051.03,Biofuels Production Managers
52.0201,"Business Administration and Management, General",11-3051.04,Biomass Power Plant Managers
52.0201,"Business Administration and Management, General",11-3051.06,Hydroelectric Production Managers
52.0201,"Business Administration and Management, General",11-3071.00,"Transportation, Storage, and Distribution Managers"
52.0201,"Business Administration and Management, General",11-3071.04,Supply Chain Managers
52.0201,"Business Administration and Management, General",11-3111.00,Compensation and Benefits Managers
52.0201,"Business Administration and Management, General",11-3121.00,Human Resources Managers
52.0201,"Business Administration and Management, General",11-3131.00,Training and Development Managers
52.0201,"Business Administration and Management, General",11-9021.00,Construction Managers
52.0201,"Business Administration and Management, General",11-9072.00,"Entertainment and Recreation Managers, Except Gambling"
52.0201,"Business Administration and Management, General",11-9151.00,Social and Community Service Managers
52.0201,"Business Administration and Management, General",11-9179.00,"Personal Service Managers, All Other"
52.0201,"Business Administration and Management, General",11-9179.01,Fitness and Wellness Coordinators
52.0201,"Business Administration and Management, General",11-9179.02,Spa Managers
52.0201,"Business Administration and Management, General",11-9199.00,"Managers, All Other"
52.0201,"Business Administration and Management, General",11-9199.01,Regulatory Affairs Managers
52.0201,"Business Administration and Management, General",11-9199.02,Compliance Managers
52.0201,"Business Administration and Management, General",11-9199.08,Loss Prevention Managers
52.0201,"Business Administration and Management, General",11-9199.09,Wind Energy Operations Managers
52.0201,"Business Administration and Management, General",11-9199.10,Wind Energy Development Managers
52.0201,"Business Administration and Management, General",11-9199.11,Brownfield Redevelopment Specialists and Site Managers
52.0201,"Business Administration and Management, General",13-1051.00,Cost Estimators
52.0201,"Business Administration and Management, General",13-1071.00,Human Resources Specialists
52.0201,"Business Administration and Management, General",13-1081.00,Logisticians
52.0201,"Business Administration and Management, General",13-1081.01,Logistics Engineers
52.0201,"Business Administration and Management, General",13-1081.02,Logistics Analysts
52.0201,"Business Administration and Management, General",13-1082.00,Project Management Specialists
52.0201,"Business Administration and Management, General",13-1111.00,Management Analysts
52.0201,"Business Administration and Management, General",13-1141.00,"Compensation, Benefits, and Job Analysis Specialists"
52.0201,"Business Administration and Management, General",13-1199.00,"Business Operations Specialists, All Other"
52.0201,"Business Administration and Management, General",13-1199.04,Business Continuity Planners
52.0201,"Business Administration and Management, General",13-1199.05,Sustainability Specialists
52.0201,"Business Administration and Management, General",13-1199.06,Online Merchants
52.0201,"Business Administration and Management, General",13-1199.07,Security Management Specialists
52.0201,"Business Administration and Management, General",25-1011.00,"Business Teachers, Postsecondary"
52.0801,"Finance, General",11-1011.00,Chief Executives
52.0801,"Finance, General",11-1011.03,Chief Sustainability Officers
52.0801,"Finance, General",11-1021.00,General and Operations Managers
52.0801,"Finance, General",11-3031.00,Financial Managers
52.0801,"Finance, General",11-3031.01,Treasurers and Controllers
52.0801,"Finance, General",11-3031.03,Investment Fund Managers
52.0801,"Finance, General",13-1141.00,"Compensation, Benefits, and Job Analysis Specialists"
52.0801,"Finance, General",13-2022.00,Appraisers of Personal and Business Property
52.0801,"Finance, General",13-2031.00,Budget Analysts
52.0801,"Finance, General",13-2041.00,Credit Analysts
52.0801,"Finance, General",13-2051.00,Financial and Investment Analysts
52.0801,"Finance, General",13-2052.00,Personal Financial Advisors
52.0801,"Finance, General",13-2054.00,Financial Risk Specialists
52.0801,"Finance, General",13-2072.00,Loan Officers
52.0801,"Finance, General",13-2099.00,"Financial Specialists, All Other"
52.0801,"Finance, General",13-2099.01,Financial Quantitative Analysts
52.0801,"Finance, General",13-2099.04,"Fraud Examiners, Investigators and Analysts"
52.0801,"Finance, General",25-1011.00,"Business Teachers, Postsecondary"
52.1401,"Marketing/Marketing Management, General",11-2011.00,Advertising and Promotions Managers
52.1401,"Marketing/Marketing Management, General",11-2021.00,Marketing Managers
52.1401,"Marketing/Marketing Management, General",11-2022.00,Sales Managers
52.1401,"Marketing/Marketing Management, General",11-2033.00,Fundraising Managers
52.1401,"Marketing/Marketing Management, General",13-1131.00,Fundraisers
52.1401,"Marketing/Marketing Management, General",13-1161.00,Market Research Analysts and Marketing Specialists
52.1401,"Marketing/Marketing Management, General",13-1161.01,Search Marketing Strategists
52.1401,"Marketing/Marketing Management, General",25-1011.00,"Business Teachers, Postsecondary"
45.0601,"Economics, General",11-9199.00,"Managers, All Other"
45.0601,"Economics, General",11-9199.01,Regulatory Affairs Managers
45.0601,"Economics, General",11-9199.02,Compliance Managers
45.0601,"Economics, General",11-9199.08,Loss Prevention Managers
45.0601,"Economics, General",11-9199.09,Wind Energy Operations Managers
45.0601,"Economics, General",11-9199.10,Wind Energy Development Managers
45.0601,"Economics, General",11-9199.11,Brownfield Redevelopment Specialists and Site Managers
45.0601,"Economics, General",19-3011.00,Economists
45.0601,"Economics, General",19-3011.01,Environmental Economists
45.0601,"Economics, General",19-3022.00,Survey Researchers
45.0601,"Economics, General",19-4061.00,Social Science Research Assistants
45.0601,"Economics, General",25-1063.00,"Economics Teachers, Postsecondary"
45.0601,"Economics, General",25-2031.00,"Secondary School Teachers, Except Special and Career/Technical Education"
45.1001,"Political Science and Government, General",11-9199.00,"Managers, All Other"
45.1001,"Political Science and Government, General",11-9199.01,Regulatory Affairs Managers
45.1001,"Political Science and Government, General",11-9199.02,Compliance Managers
45.1001,"Political Science and Government, General",11-9199.08,Loss Prevention Managers
45.1001,"Political Science and Government, General",11-9199.10,Wind Energy Development Managers
45.1001,"Political Science and Government, General",11-9199.11,Brownfield Redevelopment Specialists and Site Managers
45.1001,"Political Science and Government, General",19-3094.00,Political Scientists
45.1001,"Political Science and Government, General",19-4061.00,Social Science Research Assistants
45.1001,"Political Science and Government, General",25-1065.00,"Political Science Teachers, Postsecondary"
45.1001,"Political Science and Government, General",25-2031.00,"Secondary School Teachers, Except Special and Career/Technical Education"
13.1202,Elementary Education and Teaching,25-1081.00,"Education Teachers, Postsecondary"
13.1202,Elementary Education and Teaching,25-2021.00,"Elementary School Teachers, Except Special Education"
40.0501,"Chemistry, General",11-9121.00,Natural Sciences Managers
40.0501,"Chemistry, General",11-9121.01,Clinical Research Coordinators
40.0501,"Chemistry, General",11-9121.02,Water Resource Specialists
40.0501,"Chemistry, General",19-2031.00,Chemists
40.0501,"Chemistry, General",19-4013.00,Food Science Technicians
40.0501,"Chemistry, General",19-4031.00,Chemical Technicians
40.0501,"Chemistry, General",19-4092.00,Forensic Science Technicians
40.0501,"Chemistry, General",25-1052.00,"Chemistry Teachers, Postsecondary"
40.0501,"Chemistry, General",25-2031.00,"Secondary School Teachers, Except Special and Career/Technical Education"
40.0801,"Physics, General",11-9121.00,Natural Sciences Managers
40.0801,"Physics, General",11-9121.01,Clinical Research Coordinators
40.0801,"Physics, General",11-9121.02,Water Resource Specialists
40.0801,"Physics, General",19-2012.00,Physicists
40.0801,"Physics, General",25-1054.00,"Physics Teachers, Postsecondary"
40.0801,"Physics, General",25-2031.00,"Secondary School Teachers, Except Special and Career/Technical Education"
27.0101,"Mathematics, General",11-9121.00,Natural Sciences Managers
27.0101,"Mathematics, General",11-9121.01,Clinical Research Coordinators
27.0101,"Mathematics, General",11-9121.02,Water Resource Specialists
27.0101,"Mathematics, General",15-2021.00,Mathematicians
27.0101,"Mathematics, General",15-2041.00,Statisticians
27.0101,"Mathematics, General",15-2041.01,Biostatisticians
27.0101,"Mathematics, General",15-2051.00,Data Scientists
27.0101,"Mathematics, General",15-2051.01,Business Intelligence Analysts
27.0101,"Mathematics, General",15-2051.02,Clinical Data Managers
27.0101,"Mathematics, General",15-2099.00,"Mathematical Science Occupations, All Other"
27.0101,"Mathematics, General",15-2099.01,Bioinformatics Technicians
27.0101,"Mathematics, General",25-1022.00,"Mathematical Science Teachers, Postsecondary"
27.0101,"Mathematics, General",25-2031.00,"Secondary School Teachers, Except Special and Career/Technical Education"
27.0501,"Statistics, General",11-9121.00,Natural Sciences Managers
27.0501,"Statistics, General",11-9121.01,Clinical Research Coordinators
27.0501,"Statistics, General",11-9121.02,Water Resource Specialists
27.0501,"Statistics, General",15-2011.00,Actuaries
27.0501,"Statistics, General",15-2041.00,Statisticians
27.0501,"Statistics, General",15-2041.01,Biostatisticians
27.0501,"Statistics, General",15-2051.00,Data Scientists
27.0501,"Statistics, General",15-2051.01,Business Intelligence Analysts
27.0501,"Statistics, General",15-2051.02,Clinical Data Managers
27.0501,"Statistics, General",19-3022.00,Survey Researchers
27.0501,"Statistics, General",25-1022.00,"Mathematical Science Teachers, Postsecondary"
23.0101,"English Language and Literature, General",25-1123.00,"English Language and Literature Teachers, Postsecondary"
23.0101,"English Language and Literature, General",25-2031.00,"Secondary School Teachers, Except Special and Career/Technical Education"
23.0101,"English Language and Literature, General",43-9081.00,Proofreaders and Copy Markers
09.0101,Speech Communication and Rhetoric,11-2032.00,Public Relations Managers
09.0101,Speech Communication and Rhetoric,25-1122.00,"Communications Teachers, Postsecondary"
09.0101,Speech Communication and Rhetoric,27-3011.00,Broadcast Announcers and Radio Disc Jockeys
09.0101,Speech Communication and Rhetoric,27-3031.00,Public Relations Specialists
09.0101,Speech Communication and Rhetoric,27-3043.00,Writers and Authors
09.0101,Speech Communication and Rhetoric,27-3043.05,"Poets, Lyricists and Creative Writers"
09.0101,Speech Communication and Rhetoric,27-3099.00,"Media and Communication Workers, All Other"
44.0701,Social Work,11-9151.00,Social and Community Service Managers
44.0701,Social Work,21-1013.00,Marriage and Family Therapists
44.0701,Social Work,21-1019.00,"Counselors, All Other"
44.0701,Social Work,21-1021.00,"Child, Family, and School Social Workers"
44.0701,Social Work,21-1022.00,Healthcare Social Workers
44.0701,Social Work,21-1023.00,Mental Health and Substance Abuse Social Workers
44.0701,Social Work,21-1029.00,"Social Workers, All Other"
44.0701,Social Work,21-1092.00,Probation Officers and Correctional Treatment Specialists
44.0701,Social Work,25-1113.00,"Social Work Teachers, Postsecondary"
43.0104,Criminal Justice/Safety Studies,19-4099.00,"Life, Physical, and Social Science Technicians, All Other"
43.0104,Criminal Justice/Safety Studies,25-1111.00,"Criminal Justice and Law Enforcement Teachers, Postsecondary"
43.0104,Criminal Justice/Safety Studies,33-1011.00,First-Line Supervisors of Correctional Officers
43.0104,Criminal Justice/Safety Studies,33-1012.00,First-Line Supervisors of Police and Detectives
51.2001,Pharmacy,11-9111.00,Medical and Health Services Managers
51.2001,Pharmacy,25-1071.00,"Health Specialties Teachers, Postsecondary"
51.2001,Pharmacy,29-1051.00,Pharmacists
50.0409,Graphic Design,15-1255.00,Web and Digital Interface Designers
50.0409,Graphic Design,15-1255.01,Video Game Designers
50.0409,Graphic Design,25-1121.00,"Art, Drama, and Music Teachers, Postsecondary"
50.0409,Graphic Design,27-1011.00,Art Directors
50.0409,Graphic Design,27-1014.00,Special Effects Artists and Animators
50.0409,Graphic Design,27-1019.00,"Artists and Related Workers, All Other"
50.0409,Graphic Design,27-1024.00,Graphic Designers
03.0104,Environmental Science,13-1041.00,Compliance Officers
03.0104,Environmental Science,13-1041.01,Environmental Compliance Inspectors
03.0104,Environmental Science,13-1041.04,Government Property Inspectors and Investigators
03.0104,Environmental Science,13-1041.06,Coroners
03.0104,Environmental Science,13-1041.07,Regulatory Affairs Specialists
03.0104,Environmental Science,19-2041.00,"Environmental Scientists and Specialists, Including Health"
03.0104,Environmental Science,19-2041.01,Climate Change Policy Analysts
03.0104,Environmental Science,19-2041.02,Environmental Restoration Planners
03.0104,Environmental Science,19-2041.03,Industrial Ecologists
03.0104,Environmental Science,19-4042.00,"Environmental Science and Protection Technicians, Including Health"
03.0104,Environmental Science,19-4071.00,Forest and Conservation Technicians
03.0104,Environmental Science,25-1053.00,"Environmental Science Teachers, Postsecondary"
